source,target,weight
0,458,0.1907514450867052
0,488,0.2238095238095238
0,494,0.225
0,509,0.2254335260115607
0,136,0.2093023255813953
0,573,0.2325581395348837
0,352,0.1976744186046511
1,365,0.4043522267206478
1,397,0.4777327935222672
1,515,0.5029056772463121
1,5,0.6624493927125507
1,24,0.5319675026492405
1,18,0.4976760815159099
1,28,0.3502024291497975
1,616,0.3097165991902834
1,656,0.2722672064777328
1,7,0.3365384615384615
1,8,0.2489878542510121
2,5,0.3896969696969697
2,26,0.3681732580037665
2,364,0.2819203268641471
2,16,0.3452502553626149
3,24,0.2910632285411515
3,28,0.1739130434782608
3,576,0.3844897959183673
3,71,0.5891089108910891
3,140,0.5346534653465347
3,10,0.3920792079207921
3,6,0.2465346534653465
3,34,0.2277227722772277
3,57,0.1554455445544554
4,87,0.2295918367346938
4,88,0.1739130434782608
4,112,0.0654911838790932
5,365,0.4121212121212121
5,397,0.4742891712038717
5,367,0.4151515151515151
5,26,0.396969696969697
5,364,0.3890909090909091
5,16,0.3412121212121212
5,616,0.3793939393939394
5,655,0.336969696969697
5,656,0.2993939393939394
6,10,0.2332439678284182
6,140,0.2411444141689373
7,24,0.2970681737901801
7,28,0.3108695652173913
7,8,0.3878048780487805
7,12,0.3585365853658536
7,15,0.2520325203252032
8,28,0.2804347826086956
8,12,0.312900274473925
8,15,0.2565597667638484
8,368,0.2448979591836734
8,17,0.1827016520894072
8,9,0.1992225461613216
9,17,0.2019543973941368
9,368,0.192200557103064
10,71,0.3726541554959786
10,140,0.3552278820375335
10,57,0.227882037533512
10,122,0.1528150134048257
11,83,0.2298136645962732
11,108,0.0726256983240223
11,213,0.0839694656488549
12,28,0.2739130434782608
12,15,0.2918572735590119
12,368,0.2415370539798719
12,55,0.1838975297346752
12,17,0.1875571820677035
13,28,0.2282608695652173
13,615,0.2807646356033453
13,628,0.276061776061776
13,363,0.3445273631840796
13,14,0.099502487562189
14,363,0.0851648351648351
14,628,0.0366795366795366
15,368,0.1775510204081632
15,55,0.1806122448979591
16,364,0.3092182030338389
17,368,0.1894150417827298
18,24,0.6877428470505121
18,515,0.4583482302466929
18,25,0.652127279227744
18,553,0.5636931620964942
18,414,0.5292307692307693
18,604,0.5318343722172751
18,407,0.5120056497175142
18,419,0.4730067929924919
18,28,0.3314265284233106
18,615,0.3821952091526636
19,406,0.296269202633504
19,410,0.3176376695929768
19,444,0.2956989247311828
19,23,0.3695131683958499
19,20,0.2210694333599361
20,23,0.2229299363057325
20,444,0.1689708141321044
21,52,0.4428076256499133
21,204,0.3370593293207222
21,349,0.3292894280762565
21,22,0.3626209977661951
22,52,0.4251675353685778
22,204,0.3075204765450484
23,410,0.2765273311897106
23,444,0.249615975422427
24,397,0.3892617449664429
24,515,0.460967855881314
24,25,0.5581066760861886
24,553,0.5411315515446026
24,414,0.5271794871794871
24,604,0.526046304541407
24,28,0.3426351112681031
24,615,0.3345107735782409
24,30,0.2783468738961497
24,576,0.3214411868597668
24,71,0.2094666195690568
25,515,0.5331098072087175
25,553,0.4783061437001041
26,367,0.3580719204284621
26,397,0.3248638838475499
26,364,0.3559322033898305
26,70,0.2175141242937853
26,58,0.1779661016949152
27,74,0.0519480519480519
27,486,0.0352941176470588
27,526,0.0337078651685393
28,615,0.3536439665471924
28,30,0.5181159420289855
28,576,0.3094202898550725
28,628,0.2659420289855072
28,29,0.2246376811594203
29,30,0.2740676496097138
29,576,0.2228571428571428
30,615,0.2753882915173238
30,576,0.3273469387755102
30,628,0.2567215958369471
31,452,0.2532467532467532
31,457,0.2424242424242424
31,470,0.2228915662650602
32,347,0.084090909090909
32,483,0.1023391812865497
32,530,0.0884353741496598
33,36,0.1169811320754717
33,451,0.230188679245283
33,455,0.2317460317460317
33,54,0.1607142857142857
33,46,0.1622641509433962
34,140,0.2011235955056179
34,576,0.2228571428571428
35,160,0.0925925925925925
35,208,0.0828729281767955
35,262,0.1463414634146341
35,137,0.1
35,529,0.0111111111111111
36,49,0.3011695906432748
36,451,0.1936936936936936
36,455,0.1968253968253968
36,46,0.1575757575757575
37,193,0.3212669683257919
37,256,0.2629310344827586
37,258,0.1583710407239819
37,190,0.171945701357466
37,189,0.1809954751131221
37,40,0.1538461538461538
38,453,0.12
38,454,0.1511627906976744
38,456,0.0677419354838709
38,198,0.1951219512195122
39,41,0.0586734693877551
39,43,0.0651465798045602
39,47,0.0703125
40,189,0.0833333333333333
40,190,0.1044776119402985
41,50,0.176
41,334,0.1279863481228668
41,338,0.2273276904474002
41,43,0.3163265306122449
41,163,0.173469387755102
41,45,0.1147959183673469
41,181,0.1198979591836734
41,47,0.1096938775510204
41,187,0.0382653061224489
42,138,0.0853658536585365
42,142,0.0666666666666666
42,147,0.0588235294117647
42,229,0.048780487804878
43,50,0.184
43,338,0.18863361547763
43,163,0.2052117263843648
43,45,0.1302931596091205
43,181,0.1237785016286645
43,47,0.1400651465798045
44,328,0.3854425144747725
44,339,0.3818880820162323
44,414,0.3712820512820513
45,163,0.1527272727272727
45,181,0.1937716262975778
45,187,0.1054545454545454
46,451,0.1216216216216216
47,50,0.09
48,50,0.2318104906937394
48,338,0.1704957678355501
48,340,0.1687306501547987
49,305,0.3362573099415205
49,451,0.2339181286549707
49,455,0.4093567251461988
50,334,0.1740614334470989
50,338,0.2019347037484885
50,340,0.1826625386996904
51,349,0.248695652173913
51,350,0.2525068368277119
51,395,0.2326139088729016
52,204,0.3989681857265692
52,286,0.4176470588235294
52,349,0.3443478260869565
52,104,0.3725490196078431
52,53,0.3323529411764706
52,253,0.3156862745098039
52,81,0.2490196078431372
52,653,0.2666666666666666
52,61,0.2568627450980392
53,104,0.2866379310344827
53,286,0.2861538461538461
53,81,0.2781065088757396
53,61,0.2272189349112426
54,451,0.1428571428571428
54,455,0.1450892857142857
55,368,0.2144846796657381
56,177,0.1851851851851851
56,250,0.1900826446280991
56,602,0.1610169491525423
57,71,0.157103825136612
58,70,0.1934984520123839
58,364,0.2406287787182587
58,141,0.1423357664233576
58,59,0.145985401459854
59,141,0.1304347826086956
59,364,0.1088270858524788
60,161,0.1572327044025157
60,484,0.1928571428571428
60,531,0.1346153846153846
61,104,0.2327586206896551
62,69,0.3798111837327523
62,365,0.3422496570644718
62,397,0.3411978221415608
63,416,0.3002207505518763
63,421,0.2800453514739229
63,435,0.2805687203791469
64,347,0.1691648822269807
64,371,0.1627408993576017
64,647,0.145610278372591
65,347,0.2181818181818181
65,666,0.198547215496368
65,669,0.1428571428571428
66,97,0.1113989637305699
66,127,0.1132075471698113
66,175,0.107750472589792
66,68,0.2750809061488673
66,90,0.1270358306188925
67,547,0.1864661654135338
67,565,0.2416974169741697
67,614,0.1796322489391796
68,97,0.0906735751295336
68,175,0.0661625708884688
68,90,0.0647249190938511
69,365,0.3786008230452675
69,397,0.3575317604355716
69,448,0.37030191004313
70,364,0.2442563482466747
70,367,0.1958684009181331
70,141,0.0990712074303405
71,576,0.2840816326530612
71,140,0.5177111716621253
71,122,0.1530054644808743
72,256,0.0344827586206896
72,266,0.1379310344827586
72,274,0.0651465798045602
73,360,0.2598225602027883
73,421,0.2585034013605442
73,436,0.2921465968586387
74,279,0.1313131313131313
74,486,0.0705882352941176
74,526,0.0449438202247191
75,186,0.3667462211614956
75,204,0.3492442322991249
75,554,0.3770883054892601
76,78,0.2164579606440071
76,268,0.1448040885860306
76,288,0.1752988047808765
77,177,0.2259259259259259
77,250,0.2272727272727272
77,274,0.182716049382716
78,209,0.230899830220713
78,218,0.2363636363636363
78,268,0.2095400340715502
78,287,0.2057245080500894
78,288,0.2003577817531306
79,175,0.219281663516068
79,323,0.1996927803379416
79,400,0.2186379928315412
80,120,0.2208588957055214
80,209,0.2461799660441426
80,265,0.2457337883959044
81,286,0.2543589743589743
82,323,0.191904047976012
82,324,0.1830161054172767
82,401,0.1892583120204603
83,108,0.159217877094972
83,213,0.1653944020356234
83,217,0.1407035175879397
84,159,0.1948051948051948
84,177,0.2314814814814814
84,213,0.1883116883116883
84,176,0.1233766233766233
85,394,0.1955085865257596
85,403,0.2110344827586207
85,614,0.2041379310344827
86,347,0.25
86,425,0.2192622950819672
86,433,0.2295081967213114
87,110,0.0894039735099337
87,112,0.1939546599496221
87,114,0.170886075949367
87,88,0.2705314009661835
88,112,0.1083123425692695
88,114,0.110759493670886
89,98,0.1675675675675675
89,102,0.1564245810055866
89,175,0.1228733459357277
90,97,0.1347150259067357
91,95,0.16
91,96,0.1814159292035398
91,162,0.1822222222222222
91,93,0.1323529411764706
92,160,0.1419753086419753
92,261,0.2689075630252101
92,541,0.1531531531531531
93,95,0.1422222222222222
93,96,0.2212389380530973
93,94,0.1568627450980392
94,95,0.1377777777777777
94,96,0.1415929203539823
94,107,0.0693069306930693
95,162,0.24
95,263,0.1653846153846153
95,264,0.1688888888888889
95,96,0.2123893805309734
95,107,0.0933333333333333
96,162,0.2256637168141592
96,264,0.1769911504424778
96,107,0.0929203539823008
97,102,0.272020725388601
97,127,0.2124352331606217
97,175,0.1871455576559546
97,98,0.2150259067357512
97,106,0.194300518134715
97,110,0.1580310880829015
97,232,0.1321243523316062
98,102,0.2108108108108108
98,175,0.1682419659735349
98,106,0.1351351351351351
99,160,0.160958904109589
99,173,0.184375
99,274,0.2410423452768729
100,150,0.1576354679802955
100,162,0.1822222222222222
100,264,0.1822660098522167
101,149,0.2307692307692307
101,164,0.1714975845410628
101,166,0.1923076923076923
102,127,0.1994609164420485
102,175,0.2325141776937618
102,177,0.2203703703703703
102,106,0.2011173184357542
102,110,0.1899441340782122
102,116,0.1089385474860335
102,114,0.1173184357541899
103,374,0.2231237322515213
103,375,0.2190669371196754
103,381,0.1721014492753623
104,204,0.3138435081685297
104,286,0.3733333333333333
104,119,0.2823275862068966
104,121,0.3265086206896552
105,347,0.2565905096660808
105,439,0.2196836555360281
105,574,0.2548330404217926
106,110,0.1821192052980132
106,116,0.1054421768707483
106,232,0.1224489795918367
108,213,0.1806615776081425
108,217,0.1608040201005025
108,246,0.1368159203980099
109,111,0.1895734597156398
109,112,0.2274881516587677
109,116,0.1587677725118483
110,116,0.2582781456953642
110,114,0.2183544303797468
110,112,0.2090680100755667
110,111,0.2068965517241379
110,232,0.0695364238410596
111,112,0.2090680100755667
111,116,0.1954022988505747
112,114,0.3727959697732997
112,116,0.4030226700251889
112,115,0.2216624685138539
113,114,0.2183544303797468
113,115,0.2938931297709923
113,116,0.2857142857142857
114,116,0.4462025316455696
114,115,0.3069620253164557
115,116,0.3503401360544217
117,349,0.3675213675213675
117,397,0.3805202661826981
117,515,0.4291461779168529
117,605,0.4541029207232267
117,312,0.3480963480963481
117,446,0.3509036144578313
117,390,0.3613053613053613
117,118,0.2276612276612276
118,349,0.1608695652173913
118,390,0.2101293103448276
119,204,0.3250214961306965
119,286,0.3784615384615384
119,121,0.3333333333333333
120,177,0.2684049079754601
120,209,0.2561349693251534
120,265,0.3021472392638036
121,286,0.3517948717948718
122,140,0.159400544959128
123,127,0.2479784366576819
123,128,0.1926345609065155
123,129,0.2475247524752475
124,207,0.1012658227848101
124,263,0.1538461538461538
124,269,0.1475409836065573
125,175,0.3100189035916824
125,177,0.2962962962962963
125,400,0.2580645161290322
125,127,0.290187891440501
125,128,0.2546972860125261
125,134,0.2108559498956158
126,151,0.2359550561797752
126,161,0.2528089887640449
126,162,0.2844444444444444
127,175,0.2627599243856333
127,177,0.2740740740740741
127,128,0.2803234501347709
127,129,0.2318059299191374
128,177,0.2537037037037037
128,129,0.2464589235127478
129,177,0.2129629629629629
130,235,0.2070175438596491
130,269,0.2350877192982456
130,274,0.2768729641693811
131,387,0.25177304964539
131,502,0.2145454545454545
131,540,0.2727272727272727
132,379,0.2020618556701031
132,555,0.1820040899795501
132,578,0.1827956989247312
132,561,0.1771428571428571
133,372,0.2830440587449933
133,416,0.2781456953642384
133,437,0.3107769423558897
133,298,0.2710280373831775
133,567,0.2750333778371162
133,366,0.2349799732977303
134,177,0.224074074074074
134,400,0.2078853046594982
135,380,0.1994219653179191
135,388,0.2183288409703504
135,666,0.2146739130434782
136,494,0.18
136,509,0.1965317919075144
136,573,0.1572327044025157
136,492,0.1542857142857142
137,160,0.0432098765432098
137,262,0.056910569105691
137,529,0.0454545454545454
138,142,0.1333333333333333
138,147,0.1596638655462184
138,519,0.1208791208791208
138,229,0.024390243902439
139,166,0.2475961538461538
139,202,0.2153846153846154
139,274,0.260586319218241
139,146,0.1908127208480565
139,169,0.1644295302013423
140,576,0.3093877551020408
141,364,0.1293833131801693
142,147,0.2605042016806723
142,179,0.1649484536082474
142,442,0.15625
142,519,0.1538461538461538
142,229,0.0222222222222222
143,263,0.1115384615384615
143,264,0.0886699507389162
143,314,0.1275510204081632
144,349,0.2452173913043478
144,384,0.2891268533772652
144,397,0.2873563218390804
144,462,0.2719186785260483
145,382,0.2469635627530364
145,540,0.2867924528301886
145,599,0.2633744855967078
145,325,0.2633744855967078
145,313,0.242798353909465
145,321,0.2421383647798742
146,166,0.2475961538461538
146,274,0.250814332247557
146,316,0.180281690140845
147,179,0.2605042016806723
147,442,0.3046875
147,539,0.1848739495798319
147,152,0.2941176470588235
147,538,0.226890756302521
147,214,0.2857142857142857
147,519,0.2100840336134453
148,199,0.188235294117647
148,526,0.1685393258426966
148,541,0.216867469879518
148,450,0.0793650793650793
149,164,0.2487922705314009
149,166,0.28125
149,246,0.1990049751243781
150,161,0.2424242424242424
150,162,0.24
150,264,0.2561576354679803
151,160,0.2839506172839506
151,161,0.2830188679245283
151,162,0.2622222222222222
151,541,0.2814814814814815
151,526,0.237037037037037
151,523,0.237037037037037
151,208,0.2154696132596685
151,460,0.2074074074074074
151,153,0.2296296296296296
151,278,0.2074074074074074
151,257,0.1851851851851851
152,179,0.2352941176470588
152,539,0.2156862745098039
152,214,0.2156862745098039
153,161,0.1886792452830188
153,460,0.1769230769230769
154,164,0.1942446043165467
154,166,0.211031175059952
154,546,0.1666666666666666
155,466,0.15234375
155,480,0.1447963800904977
155,534,0.1791044776119403
156,175,0.1852551984877126
156,250,0.1694214876033057
156,487,0.182648401826484
157,177,0.2425925925925925
157,250,0.2504970178926441
157,591,0.2118811881188118
157,602,0.1908548707753479
158,166,0.28125
158,173,0.248
158,274,0.2533333333333333
158,295,0.2453333333333333
158,472,0.2373333333333333
158,178,0.1786666666666666
159,174,0.257847533632287
159,177,0.3
159,213,0.2623318385650224
159,289,0.1995515695067264
159,176,0.1771300448430493
159,296,0.1434977578475336
160,162,0.2888888888888888
160,173,0.21875
160,274,0.254071661237785
160,269,0.2622950819672131
160,161,0.3395061728395062
160,541,0.2962962962962963
160,272,0.2362637362637362
160,261,0.228395061728395
160,531,0.2407407407407407
160,484,0.191358024691358
160,482,0.2453987730061349
160,208,0.2486187845303867
160,262,0.1481481481481481
160,529,0.0
161,162,0.2488888888888888
161,269,0.2513661202185792
161,541,0.2578616352201258
161,526,0.2327044025157232
161,264,0.2413793103448276
161,261,0.2452830188679245
161,531,0.2264150943396226
161,484,0.270440251572327
161,482,0.2515337423312883
161,460,0.2327044025157232
161,285,0.1572327044025157
161,281,0.0943396226415094
161,283,0.0754716981132075
162,173,0.2375
162,177,0.2259259259259259
162,274,0.260586319218241
162,269,0.2577777777777778
162,219,0.2622222222222222
162,264,0.3066666666666666
162,236,0.2441860465116279
162,245,0.25
162,227,0.2222222222222222
162,208,0.2088888888888889
162,215,0.2109704641350211
162,263,0.2423076923076923
162,200,0.1814814814814815
162,251,0.1733333333333333
162,262,0.2044444444444444
162,211,0.1511111111111111
163,338,0.1124546553808948
164,166,0.3509615384615384
164,246,0.2826086956521739
164,250,0.3285123966942149
164,546,0.2666666666666666
164,532,0.2028688524590164
165,490,0.1785714285714285
165,500,0.2553191489361702
165,537,0.2978723404255319
165,191,0.1549295774647887
166,177,0.3129629629629629
166,246,0.2884615384615384
166,250,0.3057851239669421
166,274,0.3004807692307692
166,173,0.2692307692307692
166,202,0.2451923076923076
166,546,0.2547619047619047
166,472,0.2283653846153846
166,178,0.2139423076923076
166,293,0.1850961538461538
166,316,0.2091346153846154
166,297,0.2163461538461538
167,382,0.1659919028340081
167,498,0.1310679611650485
167,502,0.1605504587155963
168,219,0.2390243902439024
168,227,0.2670157068062827
168,269,0.2131147540983606
168,221,0.1896551724137931
169,202,0.1723076923076923
169,274,0.2117263843648208
170,538,0.1848739495798319
170,539,0.17
170,642,0.1692307692307692
171,266,0.2206896551724138
171,269,0.1475409836065573
171,270,0.144927536231884
171,267,0.2290076335877862
172,349,0.3252173913043478
172,350,0.3190519598906107
172,448,0.2606284658040665
172,395,0.2595325953259532
173,177,0.2666666666666666
173,274,0.3
173,295,0.2587601078167116
173,472,0.2299465240641711
173,297,0.1903409090909091
174,175,0.2797731568998109
174,177,0.3037037037037037
174,213,0.2926208651399491
174,180,0.2255813953488372
174,289,0.1774580335731415
174,284,0.1899441340782122
174,296,0.164804469273743
175,177,0.4425925925925926
175,218,0.3322314049586777
175,250,0.330812854442344
175,213,0.2816635160680529
175,323,0.3271889400921659
175,400,0.3028673835125448
175,479,0.2703583061889251
175,306,0.2344045368620037
175,665,0.2464028776978417
175,180,0.2155009451795841
175,487,0.2344045368620037
175,320,0.2230623818525519
175,284,0.166351606805293
176,177,0.1796296296296296
177,218,0.3785123966942149
177,250,0.3648148148148148
177,265,0.346551724137931
177,209,0.3633276740237691
177,386,0.3166666666666666
177,213,0.337037037037037
177,246,0.3018518518518518
177,216,0.3
177,323,0.314900153609831
177,274,0.3111111111111111
177,401,0.2915601023017903
177,400,0.3100358422939068
177,389,0.2563237774030354
177,582,0.2907407407407407
177,591,0.2611111111111111
177,589,0.238013698630137
177,398,0.2626086956521739
177,402,0.2592592592592592
177,188,0.22165820642978
177,217,0.2333333333333333
177,180,0.2444444444444444
177,308,0.2154294032023289
177,602,0.2333333333333333
177,297,0.1981481481481481
177,200,0.1648148148148148
177,289,0.1888888888888888
178,274,0.2514285714285714
179,442,0.2890625
179,536,0.1958762886597938
179,539,0.25
179,196,0.1958762886597938
179,231,0.1443298969072164
181,187,0.1522491349480969
182,365,0.3467278989667049
182,448,0.4316877152698048
182,515,0.4161823871256147
182,447,0.3318025258323765
183,194,0.1560693641618497
183,202,0.1965317919075144
183,274,0.1965317919075144
183,185,0.1618497109826589
184,351,0.3130493576741041
184,496,0.2667375132837407
184,667,0.2739654269250917
185,202,0.12
185,274,0.1635220125786163
186,204,0.356255178127589
186,417,0.3570836785418392
186,554,0.3852526926263463
188,218,0.2595041322314049
188,401,0.2429667519181585
189,190,0.1071428571428571
189,193,0.1170212765957446
190,193,0.1436170212765957
190,256,0.0948275862068965
191,490,0.1408450704225352
191,500,0.1549295774647887
192,193,0.1436170212765957
192,256,0.0775862068965517
192,266,0.1034482758620689
193,256,0.1896551724137931
193,258,0.2248803827751196
193,266,0.1808510638297872
194,202,0.2123076923076923
194,274,0.2149837133550488
194,399,0.2081911262798634
195,258,0.1818181818181818
195,272,0.1758241758241758
195,274,0.1954397394136807
196,442,0.171875
196,536,0.1276595744680851
196,231,0.1808510638297872
197,236,0.2248062015503876
197,274,0.2149837133550488
197,294,0.149090909090909
198,453,0.12
198,454,0.1511627906976744
199,486,0.2352941176470588
199,526,0.2022471910112359
199,541,0.2588235294117647
200,274,0.2214983713355048
201,202,0.3034682080924855
201,250,0.268595041322314
201,274,0.2485549132947976
201,399,0.2312138728323699
201,241,0.2312138728323699
202,250,0.2603305785123967
202,274,0.3169230769230769
202,399,0.2646153846153846
202,293,0.2215384615384615
203,210,0.3526522593320236
203,302,0.3565815324165029
203,307,0.3000824402308326
203,301,0.2770137524557957
203,559,0.230844793713163
204,349,0.4170249355116079
204,417,0.3961794019933555
204,554,0.4342218400687876
204,286,0.4204643164230438
205,299,0.3804347826086957
205,302,0.3107692307692307
205,335,0.3369467028003613
205,206,0.2564491654021244
205,333,0.2048558421851289
206,299,0.2789855072463768
206,302,0.2246153846153846
207,263,0.2461538461538461
207,269,0.1518987341772152
207,314,0.1181434599156118
207,240,0.1772151898734177
208,262,0.1823204419889502
208,211,0.1381215469613259
209,218,0.3553719008264462
209,265,0.3548387096774194
209,216,0.2869269949066214
209,268,0.2835314091680815
210,299,0.3013100436681222
210,302,0.3958974358974359
210,307,0.3107996702390767
210,301,0.3198689956331877
210,265,0.3449781659388646
210,218,0.3013100436681222
210,250,0.259825327510917
210,463,0.3013100436681222
210,322,0.2041484716157205
211,262,0.1987179487179487
212,406,0.3130943672275055
212,554,0.3166522864538395
212,635,0.3585237258347979
213,250,0.3409090909090909
213,246,0.2985074626865671
213,254,0.3155216284987277
213,247,0.3129770992366412
213,225,0.2951653944020356
213,239,0.2376470588235294
213,217,0.2437185929648241
213,487,0.2214611872146118
213,230,0.1959287531806615
213,284,0.1755725190839694
213,296,0.1679389312977099
214,539,0.19
215,245,0.2056451612903226
215,274,0.250814332247557
215,242,0.1729957805907173
216,218,0.3305785123966942
216,402,0.2415966386554622
217,246,0.2139303482587064
218,265,0.3570247933884297
218,301,0.2294685990338164
218,250,0.3570247933884297
218,323,0.2657450076804915
218,401,0.3056265984654731
218,479,0.3192182410423452
218,268,0.2826446280991735
218,324,0.2342606149341142
218,402,0.2578512396694215
218,665,0.2231404958677686
218,287,0.228099173553719
218,322,0.2130081300813008
218,320,0.1834710743801653
219,269,0.2682926829268293
219,274,0.2899022801302932
219,235,0.2694063926940639
219,236,0.2558139534883721
219,227,0.2829268292682926
219,222,0.248780487804878
219,221,0.2048780487804878
219,273,0.1951219512195122
219,248,0.1804878048780487
219,224,0.1804878048780487
219,280,0.1121951219512195
220,222,0.3133333333333333
220,235,0.2237442922374429
220,269,0.2295081967213114
220,223,0.2447552447552447
221,227,0.2303664921465968
222,235,0.2100456621004566
222,269,0.2404371584699453
222,248,0.1933333333333333
222,223,0.1666666666666666
222,280,0.1533333333333333
223,235,0.1187214611872146
224,248,0.1375
224,269,0.180327868852459
225,250,0.2995867768595041
225,254,0.2837837837837837
225,249,0.2675675675675675
225,239,0.2611764705882353
226,517,0.0869565217391304
226,523,0.0714285714285714
226,524,0.0869565217391304
227,269,0.2146596858638743
228,490,0.2435897435897435
228,523,0.2564102564102564
228,535,0.2127659574468085
230,239,0.2023529411764706
230,250,0.1942148760330578
231,536,0.1076923076923077
233,265,0.2228490832157968
233,386,0.2186177715091678
233,389,0.2440056417489421
234,241,0.2027972027972027
234,244,0.2452830188679245
234,274,0.2247557003257329
234,271,0.1961722488038277
235,269,0.2237442922374429
235,274,0.2964169381107492
235,273,0.182648401826484
235,280,0.1324200913242009
236,274,0.260586319218241
236,245,0.251937984496124
236,238,0.2364341085271318
236,294,0.2036363636363636
236,237,0.1705426356589147
237,238,0.204
237,294,0.1236363636363636
238,245,0.18
238,274,0.2052117263843648
238,294,0.1927272727272727
239,250,0.2603305785123967
240,263,0.1692307692307692
240,314,0.1466666666666666
241,274,0.263843648208469
241,399,0.2627986348122867
241,244,0.2447552447552447
242,245,0.2137096774193548
242,274,0.2019543973941368
243,523,0.2432432432432432
243,526,0.2134831460674157
243,535,0.2553191489361702
244,274,0.254071661237785
244,399,0.2320819112627986
244,271,0.2169811320754717
245,274,0.2736156351791531
246,250,0.3181818181818182
246,254,0.2935323383084577
246,247,0.2935323383084577
246,259,0.3059701492537313
247,254,0.2991913746630728
248,269,0.1857923497267759
249,250,0.2706611570247934
249,254,0.2439024390243902
250,265,0.4034482758620689
250,386,0.3775700934579439
250,274,0.3037190082644628
250,254,0.2789256198347107
250,479,0.2785016286644951
250,259,0.2830578512396694
250,260,0.3491735537190082
250,582,0.25
250,591,0.2653465346534653
250,546,0.2541322314049586
250,306,0.2469635627530364
250,300,0.2334710743801653
250,532,0.2315573770491803
250,487,0.2252066115702479
250,602,0.2252066115702479
250,385,0.1942148760330578
250,293,0.2086776859504132
251,263,0.1615384615384615
251,269,0.2076502732240437
252,483,0.1374269005847953
252,530,0.14
252,540,0.1466666666666666
253,286,0.3005128205128205
253,349,0.2460869565217391
253,653,0.2529585798816568
254,259,0.2780748663101604
255,449,0.2716049382716049
255,452,0.2171052631578947
255,468,0.2317880794701986
255,643,0.2222222222222222
256,258,0.2155172413793103
256,266,0.1853448275862069
256,274,0.1693811074918566
257,460,0.1229508196721311
257,526,0.146067415730337
258,266,0.2105263157894736
258,272,0.2296650717703349
258,274,0.257328990228013
260,265,0.2775862068965517
260,386,0.2336448598130841
261,541,0.2689075630252101
263,264,0.2
263,269,0.2153846153846154
263,314,0.1653846153846153
264,269,0.2413793103448276
264,314,0.2364532019704433
264,285,0.1724137931034483
265,301,0.2415458937198067
265,302,0.2666666666666666
265,386,0.3689655172413793
265,268,0.2947189097103918
265,389,0.2580101180438449
265,308,0.2328966521106259
266,269,0.2568306010928962
266,272,0.2252747252747252
266,274,0.2703583061889251
266,270,0.2413793103448276
266,267,0.1862068965517241
267,269,0.1475409836065573
268,287,0.24190800681431
268,288,0.2027257240204429
269,274,0.2866449511400651
269,272,0.2841530054644808
269,270,0.2295081967213114
269,531,0.2459016393442623
269,314,0.2193877551020408
269,285,0.1693989071038251
269,283,0.0765027322404371
270,272,0.2472527472527472
271,274,0.1921824104234527
272,274,0.250814332247557
273,274,0.2084690553745928
274,399,0.2964169381107492
274,295,0.2587601078167116
274,316,0.2197183098591549
274,294,0.1986970684039088
275,350,0.2953509571558796
275,416,0.3057395143487859
275,436,0.2732984293193717
276,305,0.2996108949416342
276,451,0.2297872340425532
276,470,0.2170212765957447
276,277,0.1744680851063829
277,451,0.1576576576576576
277,470,0.1658291457286432
278,523,0.1770833333333333
278,526,0.1875
279,516,0.3125
279,526,0.2727272727272727
279,541,0.3232323232323232
279,486,0.2929292929292929
279,292,0.2990654205607476
281,526,0.1123595505617977
281,541,0.1204819277108433
281,461,0.0833333333333333
282,523,0.0571428571428571
282,524,0.1111111111111111
282,541,0.0481927710843373
283,285,0.0846153846153846
286,349,0.3652173913043478
286,554,0.3830888697152718
287,288,0.2449799196787148
290,540,0.1509433962264151
290,566,0.1417910447761194
290,666,0.1304347826086956
290,291,0.2286995515695067
291,540,0.1132075471698113
291,566,0.126865671641791
292,486,0.2429906542056074
292,541,0.2616822429906542
298,372,0.287248322147651
298,437,0.2957393483709273
299,302,0.3671794871794872
299,307,0.3215169002473207
299,335,0.3757904245709124
299,463,0.2491309385863267
299,333,0.1847826086956521
300,306,0.2408906882591093
300,479,0.2459283387622149
300,342,0.2854030501089324
300,443,0.2411504424778761
300,510,0.2133620689655172
300,385,0.220125786163522
300,441,0.162046908315565
301,302,0.2964102564102564
301,559,0.2777777777777778
301,595,0.2306763285024154
301,322,0.1932367149758454
302,307,0.4212695795548227
302,335,0.4074074074074074
302,341,0.3104726598702502
302,463,0.2902564102564102
302,559,0.2707692307692307
302,595,0.2512820512820513
303,466,0.17578125
303,540,0.2
303,599,0.188034188034188
304,458,0.2254335260115607
304,459,0.1913875598086124
304,466,0.1875
305,451,0.2957198443579766
305,455,0.3746031746031746
305,470,0.2607003891050584
306,479,0.2442996742671009
306,342,0.2368421052631578
307,335,0.4633140972794723
307,341,0.3314097279472383
307,557,0.3335724533715925
307,309,0.2357790601813685
308,389,0.2314410480349345
309,341,0.2724745134383688
309,557,0.2675753228120516
309,587,0.249015748031496
309,310,0.25
310,341,0.2057460611677479
310,587,0.1997792494481236
311,382,0.1862348178137652
311,502,0.2177777777777777
311,540,0.1886792452830188
311,498,0.1644444444444444
312,397,0.3218390804597701
312,605,0.4089012517385257
312,446,0.3027108433734939
312,610,0.2666666666666666
312,606,0.1207843137254902
313,325,0.2110091743119266
313,540,0.1811320754716981
315,419,0.407937806873977
315,431,0.3969245555021624
315,657,0.4247745609871856
315,473,0.3306102835175396
317,589,0.2132231404958677
317,591,0.2892561983471074
317,593,0.1867768595041322
318,373,0.2233502538071066
318,434,0.2177650429799427
318,614,0.2474358974358974
319,342,0.1875
319,443,0.2068965517241379
319,629,0.167381974248927
320,323,0.1827956989247312
321,540,0.1855345911949685
321,599,0.1823899371069182
323,401,0.2953964194373401
323,400,0.261136712749616
323,324,0.2650073206442166
324,401,0.2634271099744245
325,382,0.2024291497975708
325,540,0.2113207547169811
326,343,0.2127388535031847
326,344,0.3095541401273885
326,346,0.2317073170731707
327,328,0.4292803970223325
327,331,0.4752953813104189
327,339,0.3771892353695002
327,336,0.439312567132116
327,557,0.4087003222341568
327,346,0.4129967776584318
327,332,0.3995703544575725
327,330,0.3302900107411385
328,414,0.469059829059829
328,423,0.4797214256452273
328,553,0.4439430753210691
328,339,0.5285359801488834
328,331,0.4557485525227461
328,336,0.3829611248966088
328,332,0.3465674110835401
329,331,0.385481148002251
329,336,0.4117236566643405
329,557,0.4318507890961262
329,577,0.3583771600300526
329,558,0.3456048084147258
330,332,0.3441558441558441
330,336,0.3633217993079585
331,339,0.3771892353695002
331,423,0.3777140516181893
331,336,0.3821046707934721
331,557,0.4079909960607766
332,336,0.4194805194805194
333,335,0.1851851851851851
334,335,0.2357723577235772
334,338,0.2200725513905683
334,557,0.2338593974175035
334,340,0.2105263157894736
335,336,0.3921842288904396
335,346,0.3888091822094691
335,557,0.4117647058823529
335,341,0.4010840108401084
335,345,0.3107497741644083
335,338,0.2863595302619693
335,343,0.2556458897922312
335,445,0.2737127371273712
335,571,0.2348690153568202
335,340,0.2014453477868112
336,557,0.4689462665736217
336,346,0.4312630844382414
336,577,0.357990230286113
336,345,0.2979762735519888
336,338,0.256106071179344
336,445,0.2435450104675506
336,571,0.209351011863224
337,432,0.1856187290969899
337,636,0.1739130434782608
337,664,0.1989966555183946
338,557,0.281922525107604
338,445,0.2373225152129817
338,340,0.2648125755743651
339,414,0.4437606837606838
339,423,0.4371159360917657
341,346,0.3292682926829268
341,557,0.3952654232424677
341,343,0.2641334569045412
341,344,0.2307692307692307
341,587,0.2771084337349397
341,579,0.2205746061167748
342,479,0.265472312703583
342,443,0.3006535947712418
342,629,0.223175965665236
342,510,0.2133620689655172
343,346,0.2618364418938307
343,344,0.3004005340453938
343,579,0.28475935828877
344,346,0.2826398852223816
344,579,0.2242990654205607
345,346,0.3113342898134864
346,557,0.4361549497847919
347,406,0.1894659839063643
347,440,0.21484375
347,416,0.2726269315673289
347,550,0.338
347,666,0.3977272727272727
347,630,0.4117647058823529
347,631,0.3442622950819672
347,432,0.3327102803738317
347,433,0.3580786026200873
347,574,0.3277467411545623
347,491,0.3340909090909091
347,540,0.2886363636363636
347,626,0.3013698630136986
347,425,0.32
347,618,0.35
347,439,0.291044776119403
347,617,0.3227272727272727
347,358,0.3227272727272727
347,664,0.2603978300180832
347,530,0.2545454545454545
347,391,0.2941176470588235
347,356,0.2896825396825397
347,392,0.2932489451476793
347,564,0.269449715370019
347,377,0.3090909090909091
347,575,0.2590909090909091
347,371,0.2909090909090909
347,563,0.2454545454545454
347,393,0.2541322314049586
347,483,0.2636363636363636
347,647,0.2431818181818182
347,481,0.2590909090909091
347,359,0.2590909090909091
347,357,0.2545454545454545
347,485,0.2409090909090909
347,669,0.2363636363636363
347,613,0.1954545454545454
347,622,0.1386363636363636
348,630,0.2627291242362525
348,631,0.2404371584699453
348,632,0.2439024390243902
348,608,0.1863468634686347
349,350,0.5078260869565218
349,406,0.39575713240673
349,554,0.4866264020707506
349,417,0.4094684385382059
349,384,0.4085667215815486
349,397,0.3587416817906836
349,448,0.4399260628465804
349,515,0.3491282968261064
349,635,0.3530434782608695
349,467,0.32
349,390,0.2913043478260869
349,395,0.3078260869565217
349,653,0.2565217391304348
350,406,0.3986832479882955
350,416,0.4010938924339107
350,435,0.4567000911577028
350,554,0.4719585849870578
350,417,0.4194352159468438
350,493,0.4154325798908807
350,384,0.4258649093904448
350,397,0.3617664851784634
350,448,0.3696857670979667
350,404,0.3652931854199683
350,436,0.3564266180492251
350,353,0.3609845031905196
350,413,0.3263445761166819
350,420,0.3318140382862352
350,467,0.3172288058340929
350,395,0.2935278030993619
350,415,0.2734731084776663
350,598,0.2488605287146764
350,362,0.2634457611668186
350,354,0.2561531449407475
350,355,0.2160437556973564
351,438,0.3824737562756732
351,496,0.361317747077577
351,667,0.3876375065479308
352,488,0.1333333333333333
352,494,0.17
353,493,0.3289166017147311
353,554,0.362381363244176
354,384,0.2479406919275123
354,404,0.2179080824088748
354,355,0.2337461300309597
355,384,0.1878088962108731
356,391,0.2647058823529412
356,432,0.2560747663551402
356,392,0.2242063492063492
356,393,0.242063492063492
357,425,0.2161616161616161
357,618,0.206060606060606
358,540,0.249221183800623
358,666,0.3016304347826087
358,503,0.2162921348314606
358,575,0.220708446866485
358,359,0.2536443148688047
359,575,0.1825613079019073
360,421,0.2925170068027211
360,434,0.2779369627507163
360,436,0.2931937172774869
361,432,0.211214953271028
361,631,0.2276867030965391
361,632,0.1898954703832752
362,413,0.2447552447552447
362,435,0.2549763033175355
363,615,0.1350059737156511
363,628,0.1418918918918918
364,367,0.3573068094873756
365,397,0.4821536600120992
365,448,0.4017252002464572
365,515,0.4389807778274475
365,367,0.4307270233196159
365,616,0.299039780521262
365,655,0.3093278463648834
365,581,0.2359396433470507
366,372,0.2711409395973154
366,416,0.2373068432671081
367,397,0.4180278281911675
369,373,0.266497461928934
369,394,0.2351387054161162
369,403,0.2670375521557719
370,424,0.3222591362126246
370,434,0.3381088825214899
370,436,0.36875
370,373,0.29375
370,403,0.2822916666666666
370,621,0.2697916666666666
370,612,0.2635416666666667
370,660,0.25625
371,550,0.244
371,630,0.2149321266968326
371,647,0.2311320754716981
372,416,0.3211920529801324
372,430,0.2966442953020134
372,437,0.2769423558897243
372,663,0.2442953020134228
372,662,0.2464332036316472
373,434,0.2531041069723018
373,436,0.3120418848167539
373,403,0.2728426395939086
373,614,0.2741116751269035
373,394,0.2690355329949238
373,640,0.2182741116751269
374,379,0.2206185567010309
374,381,0.2409420289855072
374,432,0.2242990654205607
374,375,0.293598233995585
374,376,0.2119205298013245
375,379,0.2020618556701031
375,381,0.2246376811594203
375,376,0.1926605504587156
376,379,0.2309278350515464
377,391,0.2254901960784313
377,392,0.2362869198312236
378,466,0.3125
378,491,0.2893890675241157
378,540,0.2977941176470588
378,387,0.3120567375886525
378,592,0.2683823529411764
378,600,0.252199413489736
378,497,0.2610294117647059
378,580,0.2461538461538461
378,654,0.2205882352941176
378,396,0.1896551724137931
378,545,0.1617647058823529
378,533,0.1139705882352941
379,432,0.3308411214953271
379,574,0.217877094972067
379,631,0.2622950819672131
379,381,0.2735507246376811
379,578,0.2659793814432989
379,555,0.2474437627811861
379,405,0.2494845360824742
379,570,0.2048611111111111
379,561,0.1381443298969072
380,383,0.2408963585434173
380,388,0.2587601078167116
380,666,0.2581521739130434
381,432,0.2735507246376811
381,574,0.2518115942028985
382,387,0.2872340425531915
382,466,0.29296875
382,540,0.2981132075471698
382,502,0.2834008097165992
382,599,0.2712550607287449
382,521,0.2661596958174905
382,543,0.2205323193916349
382,480,0.2388663967611336
382,534,0.2348178137651821
382,498,0.1659919028340081
383,388,0.2587601078167116
383,503,0.2549019607843137
383,666,0.2635869565217391
383,507,0.2444444444444444
384,417,0.3731466227347611
384,397,0.4791288566243194
384,404,0.4247226624405705
384,462,0.2166392092257001
385,479,0.2068403908794788
386,389,0.2917369308600337
386,582,0.2635514018691589
386,398,0.2608695652173913
387,466,0.2801418439716312
387,540,0.2872340425531915
387,502,0.2765957446808511
387,521,0.2659574468085106
387,497,0.2163120567375886
387,580,0.2738461538461538
387,458,0.1879432624113475
387,545,0.1595744680851064
387,619,0.1594202898550724
388,503,0.2884097035040431
388,504,0.2414698162729658
388,666,0.2722371967654987
388,552,0.2259740259740259
390,515,0.2454179704962002
391,432,0.2542056074766355
391,664,0.2513562386980108
391,392,0.2823529411764706
393,432,0.2317757009345794
394,403,0.273447820343461
394,614,0.2245706737120211
394,640,0.2166446499339498
396,491,0.2126436781609195
396,540,0.1954022988505747
397,448,0.4488808227465214
397,515,0.5185516316495307
397,404,0.4107683000604961
397,605,0.3799153055051422
397,446,0.3188142770719903
397,462,0.2075015124016939
397,610,0.1790683605565638
398,582,0.24
403,434,0.2693409742120344
403,614,0.2828854314002829
403,547,0.2828854314002829
403,583,0.2234299516908212
405,432,0.2299065420560747
405,555,0.2004089979550102
406,440,0.3650329188002926
406,416,0.3555230431602048
406,435,0.4213606437454279
406,554,0.4147768836869056
406,418,0.429407461594733
406,635,0.3811265544989027
406,411,0.3277249451353328
406,444,0.3306510607168983
406,410,0.3255303584491587
406,408,0.3299195318215069
406,467,0.2794440380395026
406,415,0.2472567666422823
407,414,0.532991452991453
407,604,0.5614425645592164
408,435,0.3154859967051071
408,440,0.2940691927512356
409,410,0.297427652733119
409,418,0.2694704049844236
409,444,0.2956989247311828
409,412,0.283
410,418,0.3278816199376947
410,444,0.347926267281106
410,412,0.2435691318327974
411,418,0.3348909657320872
411,435,0.3283828382838283
411,444,0.3102918586789555
412,444,0.2258064516129032
413,435,0.3639810426540284
413,436,0.3316683316683316
414,553,0.6041025641025641
414,604,0.5271593944790739
414,419,0.522051282051282
414,423,0.5029059829059829
414,438,0.438974358974359
415,416,0.3101545253863134
415,598,0.2579075425790754
415,603,0.2441037735849056
415,597,0.2624203821656051
416,440,0.376953125
416,435,0.4
416,436,0.3706806282722513
416,421,0.3675496688741722
416,427,0.3830022075055188
416,437,0.3509933774834437
416,569,0.3520971302428256
416,430,0.3222958057395143
416,627,0.2891832229580574
416,426,0.3024282560706401
416,668,0.2974753018660812
416,550,0.2869757174392936
416,666,0.2075055187637969
416,428,0.2792494481236203
416,625,0.3101545253863134
416,567,0.2704194260485651
416,648,0.2582781456953642
416,598,0.2880794701986754
416,603,0.2770419426048565
416,596,0.2693156732891832
416,464,0.2671081677704194
416,556,0.2527593818984547
416,662,0.2582781456953642
416,637,0.2284768211920529
416,669,0.1777041942604856
416,639,0.1876379690949227
416,560,0.1467991169977925
417,554,0.4294019933554817
417,420,0.2832225913621262
418,435,0.367601246105919
418,554,0.3839563862928349
418,444,0.3417818740399385
419,553,0.5078097882679625
419,423,0.5294599018003273
419,438,0.4676759410801964
419,657,0.439443535188216
419,667,0.3891162029459902
419,431,0.4304418985270049
419,422,0.397708674304419
419,501,0.3633387888707037
420,554,0.3442622950819672
421,435,0.3706161137440758
421,436,0.3759162303664921
421,434,0.3476599808978032
421,627,0.3129251700680272
421,428,0.3038548752834467
421,620,0.2834467120181406
421,549,0.2516940948693126
421,638,0.2335600907029478
421,611,0.2142857142857142
422,431,0.4763262977752424
422,553,0.3915307185005207
422,501,0.3595183486238532
423,553,0.5081568899687608
423,438,0.4719377304383449
423,657,0.4293322408848832
423,667,0.4170421958213847
423,496,0.4350675952478492
424,434,0.3579734219269103
424,435,0.3712624584717608
424,436,0.3480066445182724
424,621,0.2250830564784053
425,433,0.2526315789473684
425,630,0.3368421052631579
425,618,0.2378947368421052
426,427,0.2990654205607476
426,437,0.3007518796992481
427,435,0.343127962085308
427,440,0.3525390625
427,437,0.3621495327102804
427,569,0.3107344632768362
427,478,0.2570093457943925
428,627,0.2878411910669975
428,639,0.18625
429,489,0.1848739495798319
429,491,0.22508038585209
429,540,0.2150943396226415
430,435,0.3289099526066351
430,437,0.3182957393483709
430,625,0.2897574123989218
430,648,0.2506738544474393
430,652,0.2884097035040431
430,663,0.2560646900269542
430,662,0.2490272373540856
430,508,0.206199460916442
431,553,0.4071502950364457
431,657,0.4062648315140009
431,501,0.390188248716486
431,473,0.3559612093553908
432,630,0.3570093457943925
432,631,0.3734061930783242
432,433,0.297196261682243
432,574,0.3109869646182495
432,632,0.2857142857142857
432,439,0.2985074626865671
432,664,0.2802893309222423
432,636,0.2673992673992674
432,578,0.2542056074766355
432,555,0.2504672897196262
432,594,0.2090301003344481
432,474,0.2336448598130841
433,630,0.3100436681222707
433,474,0.201535508637236
434,435,0.3914691943127962
434,436,0.3954154727793696
434,614,0.2731614135625597
434,547,0.2932187201528176
434,549,0.265520534861509
434,621,0.2750716332378223
434,514,0.2368672397325692
434,609,0.2416427889207258
434,612,0.2416427889207258
434,583,0.2483285577841451
434,660,0.2483285577841451
434,506,0.2168099331423113
434,633,0.2263610315186246
435,440,0.4085308056872038
435,554,0.4262295081967213
435,493,0.4130943102104443
435,436,0.3924170616113744
435,437,0.3658767772511848
435,625,0.2644549763033175
435,478,0.2540284360189573
435,549,0.2530805687203791
435,556,0.2417061611374407
435,475,0.2407582938388625
435,476,0.2170616113744075
435,508,0.2056872037914691
436,627,0.3057591623036649
436,620,0.2659685863874345
437,567,0.2781954887218045
437,663,0.2619047619047619
438,667,0.4418073938840712
438,496,0.4130534002738475
439,574,0.2998137802607076
439,664,0.2911392405063291
439,636,0.2619047619047619
439,594,0.2408026755852843
439,624,0.2182835820895522
440,569,0.3310546875
440,668,0.3203125
440,550,0.2509765625
440,478,0.2666015625
440,596,0.2470703125
440,464,0.2470703125
440,475,0.2451171875
440,476,0.244140625
440,637,0.2080078125
441,443,0.1961620469083155
441,479,0.1677524429967426
442,535,0.3359375
442,536,0.3046875
442,541,0.296875
442,539,0.328125
442,538,0.25
442,642,0.2615384615384615
442,512,0.1860465116279069
442,641,0.1984732824427481
442,519,0.140625
442,548,0.2074074074074074
442,522,0.173076923076923
443,479,0.262214983713355
443,629,0.2381974248927038
443,510,0.2112068965517241
445,571,0.2464503042596348
447,448,0.4565217391304347
447,515,0.3442109968708091
448,515,0.434957532409477
449,451,0.3243243243243243
449,452,0.3641975308641975
449,468,0.2592592592592592
449,643,0.1728395061728395
450,526,0.0561797752808988
450,541,0.0481927710843373
451,491,0.1446945337620578
451,592,0.2888888888888888
451,654,0.1948529411764706
451,455,0.3936507936507936
451,452,0.4099099099099099
451,470,0.3648648648648648
451,468,0.3153153153153153
451,499,0.1846846846846846
452,455,0.2952380952380952
452,592,0.2111111111111111
452,470,0.4337349397590361
452,468,0.3486842105263157
452,469,0.3974358974358974
452,457,0.2727272727272727
453,454,0.3733333333333333
453,457,0.1688888888888889
453,470,0.2
453,456,0.267741935483871
454,457,0.2325581395348837
454,469,0.1686046511627907
454,470,0.2965116279069767
454,456,0.2258064516129032
455,592,0.2507936507936508
455,654,0.219047619047619
455,470,0.2952380952380952
455,658,0.073015873015873
456,470,0.2129032258064516
457,469,0.1939393939393939
457,470,0.2831325301204819
458,466,0.22265625
458,497,0.2722513089005235
458,471,0.36318407960199
458,494,0.21
458,488,0.2
458,509,0.1849710982658959
458,459,0.2057416267942583
459,466,0.1796875
459,471,0.1961722488038277
460,526,0.1639344262295081
461,526,0.0337078651685393
461,541,0.0240963855421686
464,596,0.2707117852975496
465,491,0.2171253822629969
465,631,0.1985428051001821
465,666,0.2038043478260869
465,644,0.2048929663608562
466,491,0.2990353697749196
466,540,0.3622641509433962
466,666,0.2364130434782608
466,599,0.25
466,592,0.3111111111111111
466,566,0.2947761194029851
466,600,0.2375366568914956
466,497,0.28125
466,562,0.2
466,480,0.25
466,471,0.1796875
466,534,0.2265625
466,645,0.14453125
468,470,0.4698795180722891
468,469,0.3782051282051282
468,643,0.1788079470198675
469,470,0.3614457831325301
471,497,0.1741293532338308
471,494,0.2487562189054726
473,657,0.3379212149976269
474,630,0.2284069097888675
475,478,0.2408312958435207
475,476,0.3705636743215031
477,550,0.353515625
477,630,0.28125
477,666,0.271484375
477,551,0.302734375
477,572,0.265625
477,584,0.2578125
477,586,0.2830188679245283
477,585,0.228515625
477,527,0.220703125
477,651,0.208984375
477,659,0.150390625
479,665,0.2394136807817589
479,629,0.2231270358306188
480,599,0.2307692307692307
480,534,0.2171945701357466
481,550,0.242
481,647,0.2025316455696202
482,484,0.2147239263803681
483,530,0.2251461988304093
483,540,0.2339181286549707
484,531,0.25
485,491,0.2037617554858934
485,530,0.2100313479623824
485,613,0.2116564417177914
486,526,0.2696629213483146
486,541,0.3058823529411765
488,494,0.2571428571428571
488,497,0.2285714285714285
489,491,0.22508038585209
489,530,0.2006802721088435
489,540,0.2566037735849056
490,523,0.2571428571428571
490,535,0.2659574468085106
490,536,0.4153846153846154
490,537,0.3928571428571428
490,525,0.390625
490,646,0.2948717948717949
490,500,0.2857142857142857
490,495,0.2083333333333333
490,590,0.175
490,670,0.1967213114754098
490,520,0.1166666666666666
491,631,0.2695810564663023
491,666,0.3532608695652174
491,540,0.3440514469453376
491,592,0.2411575562700964
491,530,0.2668810289389067
491,564,0.2239089184060721
491,562,0.2761904761904762
491,654,0.1639871382636656
491,613,0.2269938650306748
491,644,0.1543408360128617
491,499,0.1061093247588424
492,494,0.155
492,509,0.2
493,554,0.387373343725643
494,497,0.24
494,509,0.2
495,525,0.21875
495,646,0.1979166666666666
496,667,0.4332111052907281
497,545,0.1788617886178861
498,502,0.1834862385321101
499,592,0.1444444444444444
500,525,0.21875
500,537,0.2790697674418604
500,670,0.1311475409836065
500,511,0.1136363636363636
502,540,0.290566037735849
502,521,0.2547528517110266
502,543,0.2661596958174905
503,540,0.2780898876404494
503,666,0.3043478260869565
503,504,0.3280839895013123
503,507,0.2638888888888889
503,552,0.2519480519480519
504,540,0.1994750656167979
504,666,0.2755905511811024
504,544,0.2230971128608924
504,552,0.2207792207792207
505,506,0.2763385146804836
505,547,0.1789473684210526
505,583,0.1545893719806763
506,547,0.2661654135338346
506,583,0.2101449275362318
507,666,0.2445652173913043
508,625,0.2102272727272727
509,573,0.1560693641618497
511,525,0.15625
511,537,0.1590909090909091
511,518,0.196078431372549
512,535,0.1813953488372093
512,541,0.2046511627906976
513,630,0.2194570135746606
513,631,0.2313296903460837
513,649,0.1931540342298288
514,547,0.2352941176470588
514,614,0.2885431400282885
514,609,0.28743961352657
514,565,0.2051649928263988
515,605,0.426911041573536
516,526,0.3035714285714285
516,541,0.3125
516,542,0.2982456140350877
517,523,0.3
517,536,0.3230769230769231
517,541,0.3253012048192771
517,524,0.3902439024390244
518,525,0.109375
518,537,0.0784313725490196
520,525,0.15625
520,670,0.2131147540983606
521,543,0.2585551330798479
522,536,0.1282051282051282
522,541,0.1346153846153846
523,526,0.4044943820224719
523,541,0.4337349397590361
523,535,0.3191489361702128
523,536,0.3285714285714285
523,524,0.2857142857142857
523,537,0.2571428571428571
524,541,0.2771084337349397
525,536,0.3384615384615385
525,537,0.296875
525,646,0.2692307692307692
525,670,0.1875
526,541,0.449438202247191
526,535,0.351063829787234
526,542,0.2982456140350877
527,550,0.222
527,586,0.1566037735849056
528,623,0.1914357682619647
528,630,0.1651583710407239
528,666,0.1956521739130435
530,540,0.2891156462585034
532,546,0.2581967213114754
533,592,0.1037037037037037
533,654,0.1139705882352941
535,541,0.4042553191489361
535,536,0.3829787234042553
535,539,0.31
535,542,0.2982456140350877
535,590,0.2127659574468085
535,548,0.1333333333333333
535,607,0.0744680851063829
536,541,0.3614457831325301
536,537,0.3230769230769231
536,539,0.31
536,646,0.282051282051282
536,590,0.225
536,607,0.0923076923076923
538,539,0.226890756302521
538,642,0.1692307692307692
538,641,0.1755725190839694
539,642,0.1692307692307692
539,548,0.1481481481481481
539,607,0.08
540,666,0.3070652173913043
540,599,0.3094339622641509
540,566,0.2798507462686567
540,580,0.2307692307692307
540,544,0.2520775623268698
540,601,0.252906976744186
540,619,0.1275362318840579
541,542,0.3070175438596491
544,666,0.2635869565217391
544,601,0.2326869806094182
547,614,0.3083451202263083
547,565,0.2902255639097744
547,583,0.2620772946859903
550,666,0.296
550,630,0.252
550,551,0.246
550,647,0.244
550,637,0.2659574468085106
550,584,0.226
550,586,0.220754716981132
550,560,0.186
551,666,0.2615384615384615
551,584,0.203125
551,585,0.1974358974358974
551,651,0.1724137931034483
551,659,0.1512820512820512
553,657,0.4321416174939257
554,635,0.3865401207937877
555,578,0.2126789366053169
556,625,0.2648221343873518
557,577,0.3880918220946915
557,558,0.3845050215208034
557,587,0.2575322812051649
558,577,0.3299212598425197
559,595,0.2397435897435897
560,666,0.1557894736842105
561,578,0.1397849462365591
562,666,0.2690217391304347
563,575,0.220708446866485
563,666,0.2744565217391304
564,631,0.2896174863387978
565,614,0.2461103253182461
566,666,0.2445652173913043
568,588,0.2
568,626,0.2245762711864407
568,661,0.2146892655367231
569,668,0.2711306256860593
570,574,0.203125
570,631,0.1979166666666666
572,630,0.2420814479638009
572,666,0.2424242424242424
574,631,0.326047358834244
574,626,0.289193302891933
574,661,0.2448
575,666,0.2880434782608695
578,631,0.2185792349726776
580,619,0.1246376811594203
581,616,0.2813932172318973
581,655,0.2352941176470588
582,591,0.2725563909774436
582,589,0.2705479452054795
582,593,0.2763157894736842
584,586,0.1981132075471698
584,585,0.2366071428571428
585,651,0.1403940886699507
588,626,0.2450704225352112
588,631,0.2647887323943662
588,661,0.2126760563380281
588,634,0.1661971830985915
589,591,0.2842465753424658
589,593,0.2020547945205479
591,593,0.2571428571428571
592,600,0.2756598240469208
592,654,0.25
592,645,0.174074074074074
592,658,0.1037037037037037
594,636,0.2491638795986622
594,624,0.1856187290969899
596,668,0.2491767288693743
597,598,0.2652068126520681
597,603,0.2523584905660377
598,603,0.2570754716981132
600,645,0.1231671554252199
601,666,0.2119565217391304
605,610,0.2433936022253129
605,606,0.0813630041724617
606,610,0.1637010676156583
608,630,0.1863468634686347
608,631,0.209471766848816
609,614,0.2439613526570048
609,633,0.2125603864734299
611,627,0.205955334987593
611,638,0.2304283604135893
612,621,0.2302839116719243
612,660,0.195583596214511
614,640,0.2396121883656509
614,633,0.2230769230769231
615,628,0.3602150537634409
616,655,0.3464711274060495
616,656,0.4181240063593004
617,618,0.2575757575757575
617,630,0.2986425339366516
618,630,0.3099547511312217
620,627,0.2903225806451613
620,638,0.2612859097127223
622,626,0.1278538812785388
622,631,0.1329690346083788
623,630,0.2285067873303167
623,649,0.2569269521410579
623,666,0.2594458438287154
624,636,0.2545787545787545
625,648,0.2863705972434915
625,652,0.2588055130168453
625,650,0.226646248085758
626,631,0.3226788432267884
626,661,0.2861491628614916
626,634,0.1567732115677321
627,638,0.2183622828784119
627,639,0.2245657568238213
630,666,0.3416289592760181
630,631,0.4061930783242258
630,632,0.3205574912891986
630,649,0.3054298642533937
631,666,0.2896174863387978
631,632,0.3536585365853658
631,649,0.2622950819672131
631,661,0.2608
631,634,0.1630252100840336
636,664,0.2350813743218806
641,642,0.183206106870229
644,666,0.1576086956521739
648,652,0.2176
648,650,0.21630615640599
649,666,0.358695652173913
650,652,0.224
654,658,0.0992647058823529
659,666,0.1467391304347826
666,669,0.2282608695652173
